{ 
"definitions": {
 "address": {
 "type": "object",
 "properties": {
 "id": { "type": "string" },
 "moduleid": { "type": "number" },
 "url": { "type": "string" },
 "atlasExpiryDate": { "type": "string" },
 "block": { "type": "number" },
 "preDirection": { "type": "string" },
 "streetName": { "type": "string" },
 "streetType": { "type": "string" },
 "postDirection": { "type": "string" },
 "landmark": { "type": "string" },
 "latitude": { "type": "number" },
 "longitude": { "type": "number" },
 "crossstreet1": { "type": "string" },
 "crossstreet2": { "type": "string" },
 "city": { "type": "string" },
 "state": { "type": "string" },
 "zipcode": { "type": "string" },
 "type": { "enum": [ "residential", "business" ] }
 },
 "required": [ "block", "streetName", "city", "state", "zip", "moduleid" ]
 }
 }
}