{
 "definitions": {
 "sexoffender": {
 "type": "object",
 "properties": {
 "id": { "type": "string" },
 "moduleid": { "type": "number" },
 "url": { "type": "string" },
 "atlasExpiryDate": { "type": "string" },
 "contributor": { "$ref": "contributor.json#/definitions/contributor" },
 "risk": { "type": "string" },
 "name": { "$ref": "name.json#/definitions/name" },
 "offenses": { "type": [ { "$ref": "offense.json#/definitions/offense" } ] }
 },
 "required": [ "contributor", "name", "moduleid" ]
 }
 }
}