{
 "definitions": {
 "warrant": {
 "type": "object",
 "properties": {
 "id": { "type": "string" },
 "moduleid": { "type": "number" },
 "url": { "type": "string" },
 "atlasExpiryDate": { "type": "string" },
 "contributor": { "$ref": "contributor.json#/definitions/contributor" },
 "canceledOnDate": { "type": "string" },
 "expiresOnDate": { "type": "string" },
 "servedOnDate": { "type": "string" },
 "name": { "$ref": "name.json#/definitions/name" },
 "offenses": { "type": [ { "$ref": "offense.json#/definitions/offense" } ] }
 },
 "required": [ "name", "moduleid", "contributor", "canceledOnDate", "expiresOnDate",
"servedOnDate" ]
 }
 }
}